{
    "affected_by_tor": [
        [
            17, 
            18, 
            19, 
            20, 
            21, 
            22, 
            23, 
            24, 
            25, 
            26
        ]
    ], 
    "pairs": [], 
    "gaff_types": [], 
    "tors": [
        [
            5, 
            18
        ]
    ], 
    "charges": [
        0.19, 
        0.197, 
        -0.646, 
        -0.646, 
        0.077, 
        -0.344, 
        0.163, 
        0.249, 
        -0.271, 
        0.278, 
        -0.066, 
        0.275, 
        0.275, 
        0.275, 
        0.017, 
        0.012, 
        0.012, 
        -0.028, 
        -0.002, 
        0.096, 
        0.014, 
        0.042, 
        0.001, 
        0.002, 
        0.03, 
        -0.365, 
        0.165
    ], 
    "vecs": {}, 
    "tree": [
        [
            1
        ]
    ], 
    "about": [
        52.227407407407405, 
        15.517518518518516, 
        -2.408962962962963
    ], 
    "mapping_tors_onefour": [], 
    "is_atom": [
        true, 
        true, 
        true, 
        true, 
        true, 
        true, 
        true, 
        true, 
        true, 
        true, 
        true, 
        true, 
        true, 
        true, 
        true, 
        true, 
        true, 
        true, 
        true, 
        true, 
        true, 
        true, 
        true, 
        true, 
        true, 
        true, 
        true
    ], 
    "mytypes": [], 
    "coords": [
        [
            53.549, 
            15.298, 
            -3.742
        ], 
        [
            52.683, 
            14.654, 
            -4.808
        ], 
        [
            51.6, 
            15.247, 
            -5.125
        ], 
        [
            53.146, 
            13.624, 
            -5.354
        ], 
        [
            54.007, 
            14.33, 
            -2.66
        ], 
        [
            52.901, 
            16.507, 
            -3.237
        ], 
        [
            51.983, 
            16.338, 
            -2.878
        ], 
        [
            53.56, 
            17.643, 
            -3.036
        ], 
        [
            54.771, 
            17.732, 
            -3.24
        ], 
        [
            52.713, 
            18.837, 
            -2.527
        ], 
        [
            51.237, 
            18.779, 
            -2.669
        ], 
        [
            50.991, 
            18.104, 
            -3.422
        ], 
        [
            50.854, 
            19.721, 
            -2.914
        ], 
        [
            50.806, 
            18.306, 
            -1.848
        ], 
        [
            53.259, 
            19.396, 
            -1.218
        ], 
        [
            53.431, 
            18.328, 
            -0.133
        ], 
        [
            54.499, 
            20.289, 
            -1.454
        ], 
        [
            52.843, 
            13.868, 
            -1.903
        ], 
        [
            52.129, 
            12.65, 
            -2.063
        ], 
        [
            52.25, 
            14.55, 
            -0.906
        ], 
        [
            52.253, 
            11.546, 
            -2.92
        ], 
        [
            51.076, 
            12.662, 
            -1.127
        ], 
        [
            51.354, 
            10.494, 
            -2.824
        ], 
        [
            50.316, 
            10.546, 
            -1.884
        ], 
        [
            50.158, 
            11.608, 
            -1.015
        ], 
        [
            51.19, 
            13.817, 
            -0.425
        ], 
        [
            50.581, 
            14.099, 
            0.29
        ]
    ], 
    "atypes": [
        "C", 
        "C", 
        "OA", 
        "OA", 
        "C", 
        "N", 
        "HD", 
        "C", 
        "OA", 
        "C", 
        "N", 
        "HD", 
        "HD", 
        "HD", 
        "C", 
        "C", 
        "C", 
        "A", 
        "A", 
        "A", 
        "A", 
        "A", 
        "A", 
        "A", 
        "A", 
        "N", 
        "HD"
    ], 
    "groups": [
        [
            1, 
            2, 
            3, 
            4, 
            5, 
            6, 
            7, 
            8, 
            9, 
            10, 
            11, 
            12, 
            13, 
            14, 
            15, 
            16, 
            17
        ], 
        [
            18, 
            19, 
            20, 
            21, 
            22, 
            23, 
            24, 
            25, 
            26, 
            27
        ]
    ], 
    "N": 27, 
    "onefour": []
}